Id, X, Y, Rotation
15, 11208.853220029132, 2403.2456228527517, 180.0
