Id, X, Y, Rotation
15, 8348.353952772633, 5384.078112694078, 105.0
