Id, X, Y, Rotation
2, 6000, 40, 0.0
2, 40, 1500, 0.0
2, 40, 7700, 270.0
5, 1500, 40, 0.0
5, 40, 8800, 0.0
5, 4850, 2440, 270.0
5, 1710, 5300, 270.0
5, 1710, 7700, 270.0
1, 6010, 1450, 0.0
1, 8410, 1650, 270.0
0, 39.99999999999956, 8800, 270.0
3, 3910, 49.999999999999744, 0.0
2, 40, 5300, 270.0
5, 2440, 1200, 0.0
0, 7610, 2500, 270.0
3, 1700, 8800, 270.0
