Id, X, Y, Rotation
15, 8950.532403620338, 3911.225964254501, 216.0
